<xml xmlns:o="urn:schemas-microsoft-com:office:office">
 <o:MainFile HRef="../FE_Insem_Solution.htm"/>
 <o:File HRef="item0090.xml"/>
 <o:File HRef="props091.xml"/>
 <o:File HRef="themedata.thmx"/>
 <o:File HRef="colorschememapping.xml"/>
 <o:File HRef="image001.png"/>
 <o:File HRef="image085.png"/>
 <o:File HRef="image003.png"/>
 <o:File HRef="image086.png"/>
 <o:File HRef="image005.png"/>
 <o:File HRef="image087.png"/>
 <o:File HRef="image007.png"/>
 <o:File HRef="image088.png"/>
 <o:File HRef="image009.png"/>
 <o:File HRef="image089.png"/>
 <o:File HRef="image011.png"/>
 <o:File HRef="image090.png"/>
 <o:File HRef="image013.png"/>
 <o:File HRef="image091.png"/>
 <o:File HRef="image015.png"/>
 <o:File HRef="image092.png"/>
 <o:File HRef="image017.png"/>
 <o:File HRef="image093.png"/>
 <o:File HRef="image019.png"/>
 <o:File HRef="image094.png"/>
 <o:File HRef="image021.png"/>
 <o:File HRef="image095.png"/>
 <o:File HRef="image023.png"/>
 <o:File HRef="image096.png"/>
 <o:File HRef="image025.png"/>
 <o:File HRef="image097.png"/>
 <o:File HRef="image027.png"/>
 <o:File HRef="image098.png"/>
 <o:File HRef="image029.png"/>
 <o:File HRef="image099.png"/>
 <o:File HRef="image031.png"/>
 <o:File HRef="image100.png"/>
 <o:File HRef="image033.png"/>
 <o:File HRef="image101.png"/>
 <o:File HRef="image035.png"/>
 <o:File HRef="image102.png"/>
 <o:File HRef="image037.png"/>
 <o:File HRef="image103.png"/>
 <o:File HRef="image039.png"/>
 <o:File HRef="image104.png"/>
 <o:File HRef="image041.png"/>
 <o:File HRef="image105.png"/>
 <o:File HRef="image043.png"/>
 <o:File HRef="image106.png"/>
 <o:File HRef="image045.png"/>
 <o:File HRef="image107.png"/>
 <o:File HRef="image047.png"/>
 <o:File HRef="image108.png"/>
 <o:File HRef="image049.png"/>
 <o:File HRef="image109.png"/>
 <o:File HRef="image051.png"/>
 <o:File HRef="image110.png"/>
 <o:File HRef="image053.png"/>
 <o:File HRef="image111.png"/>
 <o:File HRef="image055.png"/>
 <o:File HRef="image112.png"/>
 <o:File HRef="image057.png"/>
 <o:File HRef="image113.png"/>
 <o:File HRef="image059.png"/>
 <o:File HRef="image114.png"/>
 <o:File HRef="image061.png"/>
 <o:File HRef="image115.png"/>
 <o:File HRef="image063.png"/>
 <o:File HRef="image116.png"/>
 <o:File HRef="image065.png"/>
 <o:File HRef="image117.png"/>
 <o:File HRef="image067.png"/>
 <o:File HRef="image118.png"/>
 <o:File HRef="image069.png"/>
 <o:File HRef="image119.png"/>
 <o:File HRef="image071.png"/>
 <o:File HRef="image120.png"/>
 <o:File HRef="image073.png"/>
 <o:File HRef="image121.png"/>
 <o:File HRef="image075.png"/>
 <o:File HRef="image122.png"/>
 <o:File HRef="image077.png"/>
 <o:File HRef="image123.png"/>
 <o:File HRef="image079.png"/>
 <o:File HRef="image124.png"/>
 <o:File HRef="image081.png"/>
 <o:File HRef="image125.png"/>
 <o:File HRef="image083.png"/>
 <o:File HRef="image126.png"/>
 <o:File HRef="filelist.xml"/>
</xml>